-0.56451093	0
-0.563204859	0.001306071
-0.56060244	0.002602419
-0.556723064	0.003879376
-0.551595664	0.0051274
-0.545258534	0.00633713
-0.537759071	0.007499464
-0.529153437	0.008605634
-0.519506145	0.009647292
-0.508889547	0.010616598
-0.497383232	0.011506315
-0.485073332	0.012309901
-0.472051729	0.013021603
-0.45841519	0.013636539
-0.444264419	0.014150772
-0.429703053	0.014561366
-0.414836629	0.014866424
-0.399771525	0.015065105
-0.384613911	0.015157613
-0.369468742	0.015145169
-0.356438795	0.013029948
-0.345610657	0.010828138
-0.337054893	0.008555764
-0.330826315	0.006228578
-0.326964275	0.003862039
-0.325492938	0.001471337
-0.32642146	-9.29E-04
-0.329744065	-0.003322605
-0.335439999	-0.005695934
-0.343473366	-0.008033368
-0.35379288	-0.010319514
-0.366331567	-0.012538687
-0.381006483	-0.014674916
-0.397718522	-0.016712039
-0.416352382	-0.01863386
-0.436776784	-0.020424402
-0.458845013	-0.022068229
-0.482395847	-0.023550834
-0.507254917	-0.024859069
-0.533236516	-0.025981599
-0.560145842	-0.026909326
-0.587781615	-0.027635772
-0.615938984	-0.02815737
-0.644412627	-0.028473642
-0.672999873	-0.028587247
-0.701503752	-0.028503879
-0.729735794	-0.028232041
-0.757518482	-0.027782688
-0.784687265	-0.027168783
-0.811092055	-0.02640479
-0.8365982	-0.025506145
-0.861086927	-0.024488727
-0.884455304	-0.023368377
-0.906615767	-0.022160462
-0.92749529	-0.020879523
-0.947034284	-0.019538995
-0.9651853	-0.018151016
-0.981911603	-0.016726303
-0.997185703	-0.0152741
-1.010987888	-0.013802185
-1.023304809	-0.012316921
-1.03212815	-0.008823341
-1.039454045	-0.007325895
-1.043280615	-0.00382657
-1.043607357	-3.27E-04
-1.040434244	0.003173113
-1.033761646	0.006672598
-1.023591078	0.010170568
-1.009926777	0.013664301
-0.992778087	0.01714869
-0.97216264	0.020615447
-0.948110266	0.024052374
-0.920667537	0.027442729
-0.889902766	0.030764771
-0.855911212	0.033991554
-0.818820128	0.037091085
-0.778793205	0.040026923
-0.736033887	0.042759317
-0.69078699	0.045246897
-0.643338098	0.047448892
-0.594010351	0.049327748
-0.543158435	0.050851916
-0.491159906	0.051998529
-0.438404284	0.052755622
-0.385280687	0.053123597
-0.332164961	0.053115726
-0.279407356	0.052757605
-0.227321715	0.052085641
-0.176176912	0.051144802
-0.126190982	0.04998593
-0.077528035	0.048662947
-0.030297773	0.047230262
0.01444281	0.044740582
0.057685738	0.043242929
0.099466009	0.041780271
0.139856759	0.04039075
0.178964348	0.039107589
0.216923683	0.037959335
0.253893975	0.036970292
0.290055077	0.036161101
0.325604427	0.035549351
0.360754613	0.035150185
0.395731471	0.034976859
0.430772673	0.035041201
0.466126642	0.035353969
-0.550446698	0
-0.549245556	0.001201142
-0.546852253	0.002393303
-0.54328469	0.003567563
-0.538569569	0.004715121
-0.532742205	0.005827364
-0.525846274	0.006895931
-0.517933486	0.007912788
-0.509063186	0.0088703
-0.499301869	0.009761318
-0.488722616	0.010579252
-0.477404459	0.011318158
-0.46543165	0.011972808
-0.452892885	0.012538766
-0.439880445	0.013012439
-0.426489314	0.013391132
-0.412816244	0.01367307
-0.398958832	0.013857412
-0.385014588	0.013944244
-0.37108004	0.013934548
-0.359249885	0.011830155
-0.349603009	0.009646876
-0.342202643	0.007400366
-0.337096586	0.005106056
-0.33431745	0.002779136
-0.333882853	4.35E-04
-0.335795542	-0.001912689
-0.340043411	-0.004247869
-0.346599417	-0.006556006
-0.355421409	-0.008821992
-0.366451895	-0.011030487
-0.379617807	-0.013165912
-0.394830309	-0.015212502
-0.411984733	-0.017154424
-0.430960707	-0.018975974
-0.451622558	-0.02066185
-0.473820044	-0.022197487
-0.497389486	-0.023569441
-0.522155294	-0.024765808
-0.547931928	-0.025776634
-0.574526226	-0.026594298
-0.601740052	-0.027213826
-0.629373172	-0.02763312
-0.65722623	-0.027853058
-0.685103712	-0.027877481
-0.712816745	-0.027713033
-0.74018564	-0.027368895
-0.767042045	-0.026856405
-0.793230662	-0.026188617
-0.818610466	-0.025379804
-0.843055427	-0.024444961
-0.866454749	-0.023399322
-0.888712669	-0.02225792
-0.909747877	-0.021035208
-0.92949263	-0.019744753
-0.947891632	-0.018399003
-0.964900761	-0.017009128
-0.980485696	-0.015584936
-0.994620533	-0.014134837
-1.007286404	-0.012665871
-1.018470174	-0.01118377
-1.028163222	-0.009693048
-1.034360345	-0.006197123
-1.037059322	-0.002698977
-1.036259455	8.00E-04
-1.031960933	0.004298521
-1.024165023	0.00779591
-1.012875079	0.011289944
-0.998098376	0.014776703
-0.979848745	0.018249631
-0.958149969	0.021698776
-0.93303987	0.025110099
-0.904574953	0.028464917
-0.872835405	0.031739548
-0.837930154	0.034905252
-0.800001601	0.037928553
-0.759229556	0.040772045
-0.715833827	0.04339573
-0.670074935	0.045758892
-0.622252487	0.047822448
-0.572700891	0.049551596
-0.521782359	0.050918532
-0.46987745	0.051904909
-0.41737371	0.052503741
-0.364653241	0.052720469
-0.3120802	0.052573041
-0.259989208	0.052090992
-0.208675557	0.051313651
-0.158387811	0.050287746
-0.10932311	0.049064701
-0.061625154	0.047697955
-0.015384597	0.046240557
0.029358622	0.04474322
0.072611532	0.04325291
0.114423523	0.041811991
0.154881366	0.040457843
0.194104257	0.039222891
0.232239165	0.038134908
0.269456691	0.037217526
0.305947523	0.036490831
0.341919516	0.035971993
0.377595383	0.035675867
0.413210905	0.035615521
0.449013567	0.035802662
0.485261496	0.036247929
-0.518588133	0
-0.517625711	9.62E-04
-0.515708085	0.001917626
-0.512849634	0.002858451
-0.509071787	0.003777847
-0.504402858	0.004668929
-0.498877819	0.005525039
-0.492538017	0.006339802
-0.485430834	0.007107183
-0.477609286	0.007821549
-0.469131565	0.008477721
-0.460060533	0.009071032
-0.450463157	0.009597376
-0.440409908	0.010053249
-0.42997412	0.010435789
-0.419231319	0.0107428
-0.408258548	0.010972771
-0.39713367	0.011124878
-0.387934689	0.009198981
-0.38072533	0.007209359
-0.375555012	0.005170318
-0.372458879	0.003096134
-0.371457851	0.001001028
-0.372558672	-0.001100822
-0.375753926	-0.003195254
-0.381022017	-0.005268091
-0.388327125	-0.007305108
-0.397619152	-0.009292027
-0.408833692	-0.011214541
-0.421892067	-0.013058374
-0.43670146	-0.014809394
-0.453155227	-0.016453766
-0.471133396	-0.017978169
-0.490503433	-0.019370037
-0.511121277	-0.020617844
-0.532832681	-0.021711404
-0.555474839	-0.022642158
-0.578878291	-0.023403452
-0.602869045	-0.023990754
-0.627270859	-0.024401814
-0.651907608	-0.024636749
-0.676605629	-0.024698021
-0.701195975	-0.024590346
-0.725516471	-0.024320496
-0.749413513	-0.023897042
-0.772743546	-0.023330033
-0.795374181	-0.022630635
-0.817184943	-0.021810762
-0.83806765	-0.020882707
-0.85792645	-0.0198588
-0.876677553	-0.018751103
-0.894248702	-0.017571148
-0.91057844	-0.016329738
-0.925615234	-0.015036794
-0.939316493	-0.013701259
-0.951647544	-0.012331051
-0.962580605	-0.01093306
-0.972093784	-0.009513179
-0.980170151	-0.008076367
-0.986796891	-0.00662674
-0.989964561	-0.00316767
-0.989668992	2.96E-04
-0.985910562	0.003758429
-0.97869427	0.007216292
-0.968030585	0.010663685
-0.953937078	0.014093507
-0.936440781	0.017496297
-0.915581223	0.020859558
-0.891414029	0.024167194
-0.864014922	0.027399107
-0.833483913	0.030531009
-0.79994937	0.033534543
-0.763571599	0.036377771
-0.724545519	0.03902608
-0.683101979	0.04144354
-0.639507296	0.043594682
-0.594060713	0.045446583
-0.547089592	0.046971121
-0.498942436	0.048147156
-0.449980034	0.048962402
-0.400565295	0.049414739
-0.351052497	0.049512798
-0.301776773	0.049275724
-0.253044614	0.048732159
-0.205126036	0.047918578
-0.158248846	0.04687719
-0.112595178	0.045653668
-0.068300236	0.044294941
-0.025452998	0.042847238
0.015901525	0.041354523
0.055758893	0.039857367
0.094151155	0.038392263
0.131142482	0.036991326
0.166824807	0.035682325
0.201313744	0.034488937
0.234744922	0.033431178
0.267270832	0.03252591
0.299058228	0.031787396
0.330286073	0.031227845
0.361143987	0.030857914
0.391831155	0.030687168
0.422555603	0.030724448
0.45353378	0.030978177
0.484990331	0.031456551
-0.455660361	0
-0.457166378	-0.001506018
-0.460167347	-0.003000969
-0.464641186	-0.004473839
-0.470554904	-0.005913719
-0.477864775	-0.007309871
-0.486516576	-0.008651801
-0.496445919	-0.009929344
-0.507578684	-0.011132765
-0.519831554	-0.012252869
-0.533112677	-0.013281123
-0.547322455	-0.014209778
-0.562354456	-0.015032001
-0.578096444	-0.015741988
-0.594431518	-0.016335074
-0.611239336	-0.016807817
-0.628397396	-0.01715806
-0.645782351	-0.017384955
-0.663271312	-0.017488961
-0.680743115	-0.017471803
-0.69807951	-0.017336395
-0.715166244	-0.017086734
-0.731894015	-0.016727771
-0.748159274	-0.01626526
-0.763864866	-0.015705591
-0.778920495	-0.01505563
-0.793243043	-0.014322547
-0.806756713	-0.01351367
-0.81939305	-0.012636337
-0.831090833	-0.011697783
-0.841795868	-0.010705035
-0.851460708	-0.009664841
-0.860044325	-0.008583617
-0.867511745	-0.00746742
-0.873833683	-0.006321938
-0.878986187	-0.005152504
-0.882950312	-0.003964125
-0.885711839	-0.002761527
-0.885261046	4.51E-04
-0.88159951	0.003661536
-0.874740187	0.006859324
-0.864708058	0.010032128
-0.851541318	0.013166741
-0.835293018	0.016248299
-0.816033099	0.01925992
-0.793850635	0.022182464
-0.768856151	0.024994484
-0.741183768	0.027672383
-0.710992942	0.030190826
-0.67846953	0.032523411
-0.643825928	0.034643602
-0.607300047	0.036525882
-0.569152982	0.038147065
-0.529665323	0.039487659
-0.489132167	0.040533156
-0.44785705	0.041275116
-0.406145121	0.041711929
-0.364295979	0.041849143
-0.322596643	0.041699335
-0.281315111	0.041281532
-0.240694878	0.040620233
-0.200950719	0.039744159
-0.162265865	0.038684854
-0.124790599	0.037475266
-0.088642177	0.036148422
-0.053905879	0.034736298
-0.020636961	0.033268918
0.011136747	0.031773708
0.04141185	0.030275103
0.070206221	0.028794371
0.097555838	0.027349617
0.12351176	0.025955923
0.148137349	0.024625588
0.171505778	0.023368429
0.193697882	0.022192104
0.214800328	0.021102447
0.234904125	0.020103797
0.254103428	0.019199302
0.272494624	0.018391196
0.290175673	0.017681049
0.307245663	0.01706999
0.323804561	0.016558897
0.339953125	0.016148565
0.355792976	0.015839851
0.371426772	0.015633796
0.386958509	0.015531737
0.402493905	0.015535395
0.418140864	0.015646959
0.434010017	0.015869154
0.450215316	0.016205298
0.466874673	0.016659357
0.484110649	0.017235977
-0.509836856	0
-0.508940041	8.97E-04
-0.507153131	0.00178691
-0.504489514	0.002663618
-0.500969137	0.003520377
-0.496618353	0.004350785
-0.4914697	0.005148652
-0.485561643	0.005908057
-0.478938246	0.006623397
-0.471648801	0.007289445
-0.463747406	0.007901395
-0.455292488	0.008454918
-0.446346289	0.008946199
-0.436974311	0.009371978
-0.427244729	0.009729582
-0.41722778	0.010016949
-0.406995142	0.010232638
-0.396619305	0.010375837
-0.388172947	0.008446358
-0.38171457	0.006458376
-0.377288482	0.004426088
-0.374924823	0.002363658
-0.374639615	2.85E-04
-0.376434786	-0.001795171
-0.380298179	-0.003863393
-0.386203526	-0.005905347
-0.394110405	-0.007906879
-0.403964205	-0.0098538
-0.415696125	-0.01173192
-0.429223256	-0.01352713
-0.444448784	-0.015225528
-0.461262374	-0.01681359
-0.479540767	-0.018278393
-0.499148634	-0.019607867
-0.519939713	-0.020791079
-0.541758234	-0.021818521
-0.564440626	-0.022682392
-0.587817471	-0.023376844
-0.611715649	-0.023898178
-0.635960621	-0.024244972
-0.660378747	-0.024418127
-0.684799572	-0.024420824
-0.709057967	-0.024258395
-0.732996078	-0.023938111
-0.756464983	-0.023468904
-0.779326024	-0.022861041
-0.801451792	-0.022125768
-0.822726739	-0.021274947
-0.843047441	-0.020320702
-0.862322538	-0.019275097
-0.88047239	-0.018149852
-0.897428496	-0.016956106
-0.913132732	-0.015704236
-0.927536457	-0.014403725
-0.940599546	-0.013063089
-0.952289384	-0.011689838
-0.962579874	-0.010290491
-0.969450485	-0.006870611
-0.97288879	-0.003438305
-0.972888958	-1.68E-07
-0.969450989	0.003437969
-0.962580713	0.006870276
-0.952290556	0.010290157
-0.938601049	0.013689507
-0.921543045	0.017058003
-0.901160576	0.02038247
-0.877514219	0.023646357
-0.850684843	0.026829376
-0.820777473	0.02990737
-0.787925009	0.032852464
-0.752291428	0.035633581
-0.714074078	0.03821735
-0.673504649	0.040569429
-0.630848441	0.042656208
-0.586401668	0.044446773
-0.540486655	0.045915013
-0.493445036	0.047041618
-0.445629263	0.047815773
-0.397392943	0.04823632
-0.349080714	0.048312229
-0.301018388	0.048062326
-0.253504097	0.047514291
-0.206801013	0.046703084
-0.16113204	0.045668973
-0.11667662	0.044455419
-0.073569607	0.043107013
-0.03190195	0.041667657
0.008277147	0.040179098
0.046957016	0.038679868
0.084161649	0.037204633
0.119945545	0.035783897
0.154389556	0.034444011
0.187596963	0.033207407
0.219689947	0.032092984
0.250806526	0.031116579
0.281098011	0.030291485
0.31072698	0.029628969
0.339865739	0.029138759
0.368695225	0.028829486
0.3974043	0.028709075
0.426189364	0.028785064
0.455254211	0.029064847
0.484810058	0.029555847
-0.462324365	0
-0.461781339	5.43E-04
-0.460699291	0.001082048
-0.459086195	0.001613096
-0.458953928	1.32E-04
-0.460303464	-0.001349536
-0.463124867	-0.002821403
-0.46739734	-0.004272474
-0.47308933	-0.00569199
-0.480158693	-0.007069363
-0.488552935	-0.008394242
-0.498209537	-0.009656602
-0.509056374	-0.010846837
-0.521012245	-0.011955871
-0.533987514	-0.012975269
-0.547884881	-0.013897366
-0.562600262	-0.014715382
-0.5780238	-0.015423538
-0.594040961	-0.016017161
-0.610533729	-0.016492768
-0.627381852	-0.016848123
-0.644464116	-0.017082264
-0.661659624	-0.017195508
-0.678849027	-0.017189403
-0.695915696	-0.017066669
-0.712746786	-0.01683109
-0.72923418	-0.016487394
-0.745275288	-0.016041108
-0.76077369	-0.015498402
-0.775639619	-0.014865929
-0.789790283	-0.014150664
-0.803150042	-0.013359759
-0.815650441	-0.012500399
-0.827230132	-0.011579691
-0.837834692	-0.01060456
-0.847416372	-0.00958168
-0.855933786	-0.008517415
-0.863351578	-0.007417792
-0.869640071	-0.006288493
-0.874774932	-0.00513486
-0.876736859	-0.001961927
-0.875518613	0.001218246
-0.871124681	0.004393932
-0.863571483	0.007553198
-0.852888122	0.010683361
-0.839117626	0.013770496
-0.82231861	0.016799016
-0.80256726	0.01975135
-0.779959474	0.022607785
-0.754612999	0.025346475
-0.726669321	0.027943678
-0.696295091	0.03037423
-0.663682809	0.032612282
-0.62905055	0.034632259
-0.592640529	0.036410021
-0.55471639	0.03792414
-0.515559207	0.039157183
-0.475462315	0.040096892
-0.434725193	0.040737122
-0.393646754	0.041078439
-0.352518453	0.041128301
-0.31161766	0.040900793
-0.271201708	0.040415951
-0.231502964	0.039698744
-0.19272514	0.038777824
-0.155040969	0.037684171
-0.119591215	0.035449755
-0.08548228	0.034108935
-0.052791589	0.032690691
-0.02156961	0.031221979
0.008157601	0.029727211
0.036385561	0.02822796
0.0631284	0.026742839
0.088415938	0.025287539
0.111290908	0.02287497
0.132803927	0.021513019
0.15301275	0.020208823
0.171980375	0.018967625
0.189773429	0.017793053
0.206460813	0.016687384
0.222112605	0.015651792
0.23679917	0.014686565
0.250590479	0.013791308
0.263555587	0.012965108
0.275762266	0.012206679
0.287276756	0.01151449
0.298163623	0.010886867
0.3084857	0.010322077
0.318304104	0.009818404
0.327678307	0.009374203
0.336666261	0.008987954
0.34532456	0.0086583
0.353708639	0.008384078
0.361872993	0.008164355
0.369871435	0.007998441
0.377757359	0.007885924
0.385584037	0.007826678
0.393404928	0.007820891
0.401274003	0.007869075
0.409246096	0.007972093
0.417377268	0.008131172
0.425725194	0.008347925
0.434349569	0.008624376
0.443312545	0.008962976
0.452679179	0.009366634
0.46251792	0.009838741
0.472901113	0.010383194
0.483905539	0.011004426
0.495612968	0.011707429
-0.560878107	0
-0.559599095	0.001279013
-0.557050605	0.00254849
-0.553251647	0.003798958
-0.548230585	0.005021061
-0.542024953	0.006205632
-0.534681195	0.007343758
-0.526254335	0.008426861
-0.516807557	0.009446777
-0.506411711	0.010395847
-0.49514471	0.011267001
-0.483090856	0.012053854
-0.470340064	0.012750792
-0.456987015	0.013353049
-0.443130235	0.013856779
-0.428871125	0.01425911
-0.414312948	0.014558177
-0.39955981	0.014753138
-0.384715642	0.014844168
-0.369883221	0.014832421
-0.355163238	0.014719983
-0.341653445	0.013509793
-0.330441484	0.011211961
-0.321598478	0.008843006
-0.315179434	0.006419043
-0.311223657	0.003955777
-0.309755098	0.001468559
-0.310782596	-0.001027498
-0.314299969	-0.003517374
-0.320285952	-0.005985983
-0.328703977	-0.008418025
-0.339501843	-0.010797866
-0.352611306	-0.013109463
-0.367947671	-0.015336364
-0.385409455	-0.017461784
-0.404878225	-0.01946877
-0.426218694	-0.021340469
-0.449279169	-0.023060475
-0.473892434	-0.024613265
-0.499877116	-0.025984683
-0.527039561	-0.027162445
-0.555176201	-0.02813664
-0.584076364	-0.028900163
-0.613525429	-0.029449065
-0.643308196	-0.029782767
-0.673212318	-0.029904121
-0.703031636	-0.029819318
-0.732569264	-0.029537628
-0.761640277	-0.029071013
-0.790073899	-0.028433622
-0.817715133	-0.027641233
-0.844425782	-0.02671065
-0.870084902	-0.02565912
-0.894588697	-0.024503795
-0.917849954	-0.023261257
-0.939797082	-0.021947128
-0.960372858	-0.020575777
-0.979532965	-0.019160107
-0.997244403	-0.017711438
-1.013483861	-0.016239458
-1.028236095	-0.014752234
-1.041492373	-0.013256278
-1.053249017	-0.011756644
-1.061506072	-0.008257056
-1.067265431	-0.005759359
-1.069529319	-0.002263888
-1.068298815	0.001230504
-1.063573319	0.004725496
-1.055350839	0.00822248
-1.043629107	0.011721732
-1.028407518	0.015221589
-1.0096899	0.018717618
-0.987488093	0.022201808
-0.961826286	0.025661806
-0.932746026	0.029080261
-0.900311688	0.032434337
-0.864616173	0.035695516
-0.825786403	0.038829769
-0.78398816	0.041798243
-0.739429643	0.044558517
-0.692363156	0.047066488
-0.643084321	0.049278835
-0.591928413	0.051155908
-0.539263614	0.052664799
-0.485481372	0.053782242
-0.430984388	0.054496984
-0.376173109	0.054811279
-0.321431827	0.054741282
-0.267115534	0.054316293
-0.213538592	0.053576943
-0.160965969	0.052572623
-0.109607478	0.05135849
-0.059615046	0.049992432
-0.011082739	0.048532308
0.035950951	0.047033689
0.081499166	0.045548216
0.125621734	0.044122568
0.168419745	0.042798011
0.210030133	0.041610388
0.250620586	0.040590453
0.290384992	0.039764406
0.32953954	0.039154548
0.368319477	0.038779937
0.406976485	0.038657008
0.445776562	0.038800077
0.48499826	0.039221698
-0.471945389	0
-0.471331241	6.14E-04
-0.470107495	0.001223746
-0.468283214	0.001824281
-0.465871898	0.002411316
-0.462891373	0.002980525
-0.45936364	0.003527733
-0.455314695	0.004048945
-0.450774306	0.004540389
-0.445775766	0.00499854
-0.440355611	0.005420155
-0.43455331	0.005802301
-0.428410935	0.006142375
-0.421972806	0.006438129
-0.415285119	0.006687687
-0.410395564	0.004889555
-0.407338806	0.003056758
-0.406136427	0.001202379
-0.406796896	-6.60E-04
-0.409315562	-0.002518666
-0.413674658	-0.004359097
-0.419843324	-0.006168666
-0.42777765	-0.007934327
-0.437420779	-0.009643128
-0.448703066	-0.011282287
-0.461542356	-0.01283929
-0.475844386	-0.01430203
-0.491503349	-0.015658964
-0.508402657	-0.016899308
-0.526415896	-0.018013239
-0.545408007	-0.018992111
-0.565236665	-0.019828658
-0.585753851	-0.020517186
-0.60680757	-0.021053719
-0.628243685	-0.021436114
-0.64990779	-0.021664106
-0.671647087	-0.021739296
-0.693312168	-0.021665081
-0.714758683	-0.021446515
-0.735848802	-0.021090119
-0.756452457	-0.020603655
-0.77644832	-0.019995864
-0.795724512	-0.019276192
-0.814179031	-0.018454518
-0.831719923	-0.017540893
-0.848265222	-0.016545299
-0.863742671	-0.015477449
-0.878089286	-0.014346614
-0.891250782	-0.013161496
-0.903180917	-0.011930135
-0.913840779	-0.010659862
-0.923198057	-0.009357278
-0.931226328	-0.008028271
-0.937904384	-0.006678056
-0.941215621	-0.003311237
-0.94115216	6.35E-05
-0.937714148	0.003438012
-0.930909778	0.00680437
-0.920756003	0.010153775
-0.90727994	0.013476062
-0.890520904	0.016759036
-0.870532981	0.019987923
-0.847388032	0.023144949
-0.821178937	0.026209094
-0.792022859	0.029156079
-0.760064232	0.031958627
-0.725477165	0.034587067
-0.688466888	0.037010278
-0.649269902	0.039196986
-0.608152552	0.041117349
-0.565407829	0.042744724
-0.521350358	0.04405747
-0.476309751	0.045040607
-0.430622623	0.045687128
-0.38462381	0.045998814
-0.338637372	0.045986437
-0.292968048	0.045669325
-0.247893711	0.045074336
-0.203659328	0.044234383
-0.160472664	0.043186664
-0.118501848	0.041970816
-0.077874708	0.04062714
-0.038679653	0.039195055
-9.68E-04	0.037711868
0.035244093	0.036211878
0.069969933	0.034725839
0.103250648	0.033280715
0.13515034	0.031899692
0.16575272	0.030602381
0.195157866	0.029405146
0.223479386	0.02832152
0.250842033	0.027362646
0.277379767	0.026537735
0.303234263	0.025854496
0.328553808	0.025319545
0.353492573	0.024938765
0.3782102	0.024717627
0.402871658	0.024661459
0.42764733	0.024775671
0.452713262	0.025065933
0.478251552	0.025538289
-0.416991898	0
-0.418777888	-0.001785991
-0.422337143	-0.003559255
-0.427644232	-0.005307089
-0.434661083	-0.00701685
-0.44333708	-0.008675997
-0.453609239	-0.01027216
-0.465402472	-0.011793233
-0.478629963	-0.013227491
-0.493193698	-0.014563735
-0.508985156	-0.015791457
-0.52588618	-0.016901024
-0.543770048	-0.017883869
-0.562502725	-0.018732677
-0.581944284	-0.019441559
-0.601950482	-0.020006199
-0.622374439	-0.020423957
-0.643068373	-0.020693934
-0.663885346	-0.020816973
-0.684680955	-0.020795609
-0.705314923	-0.020633968
-0.725652529	-0.020337606
-0.745565843	-0.019913314
-0.764934736	-0.019368893
-0.783647648	-0.018712912
-0.801602102	-0.017954453
-0.818704976	-0.017102874
-0.834872558	-0.016167582
-0.850030393	-0.015157836
-0.864112968	-0.014082575
-0.877063257	-0.012950289
-0.888832176	-0.011768919
-0.899377974	-0.010545798
-0.908665589	-0.009287615
-0.916666014	-0.008000425
-0.923355685	-0.006689671
-0.928715919	-0.005360235
-0.930732425	-0.002016505
-0.92939998	0.001332444
-0.924722026	0.004677954
-0.916710934	0.008011091
-0.90538896	0.011321974
-0.890789829	0.014599132
-0.872960897	0.017828931
-0.851965792	0.020995105
-0.827887367	0.024078425
-0.800830794	0.027056573
-0.770926533	0.029904261
-0.738332895	0.032593639
-0.703237854	0.035095041
-0.665859796	0.037378058
-0.626446876	0.03941292
-0.585274776	0.0411721
-0.542642742	0.042632035
-0.498867955	0.043774787
-0.454278479	0.044589476
-0.409205166	0.045073313
-0.363973064	0.045232103
-0.318892918	0.045080145
-0.274253367	0.044639551
-0.230314317	0.04393905
-0.187301881	0.043012436
-0.145405048	0.041896833
-0.104774108	0.04063094
-0.065520683	0.039253424
-0.027719118	0.037801565
0.008591085	0.036310204
0.04340212	0.034811034
0.076734316	0.033332196
0.108632462	0.031898146
0.139162199	0.030529737
0.168406658	0.029244459
0.196463447	0.028056789
0.223442037	0.02697859
0.24946158	0.026019542
0.27464915	0.02518757
0.299138395	0.024489246
0.323068559	0.023930164
0.346583836	0.023515277
0.369833027	0.023249191
0.392969443	0.023136416
0.416151024	0.023181581
0.43954063	0.023389606
0.46330646	0.02376583
0.48762256	0.0243161
-0.450037837	0
-0.451585077	-0.00154724
-0.452668228	-0.001083151
-0.455279352	-0.002611124
-0.459399292	-0.00411994
-0.464997757	-0.005598465
-0.472033469	-0.007035712
-0.480454381	-0.008420911
-0.490197972	-0.009743592
-0.501191651	-0.010993679
-0.513353256	-0.012161606
-0.526591691	-0.013238435
-0.54080768	-0.014215988
-0.555894658	-0.015086979
-0.571739797	-0.015845138
-0.588225131	-0.016485335
-0.605228799	-0.017003668
-0.622626343	-0.017397544
-0.640292057	-0.017665714
-0.658100338	-0.017808282
-0.67592701	-0.017826672
-0.693650571	-0.017723561
-0.711153351	-0.017502779
-0.728322527	-0.017169176
-0.745050999	-0.016728473
-0.76123809	-0.016187091
-0.776790071	-0.015551981
-0.791620521	-0.01483045
-0.805650515	-0.014029994
-0.818808665	-0.01315815
-0.831031031	-0.012222366
-0.84226092	-0.011229889
-0.852448601	-0.010187681
-0.861550963	-0.009102362
-0.869531133	-0.00798017
-0.876358086	-0.006826953
-0.882006258	-0.005648172
-0.88445519	-0.002448932
-0.883696207	7.59E-04
-0.879731985	0.003964222
-0.872576686	0.007155299
-0.862256654	0.010320033
-0.848811636	0.013445017
-0.832296469	0.016515168
-0.812783106	0.019513363
-0.790362871	0.022420235
-0.765148737	0.025214134
-0.73727742	0.027871317
-0.706911037	0.030366382
-0.674238072	0.032672966
-0.639473377	0.034764695
-0.60285702	0.036616357
-0.564651812	0.038205208
-0.525139484	0.039512328
-0.4846156	0.040523883
-0.443383425	0.041232176
-0.401747074	0.04163635
-0.360004393	0.041742681
-0.318440004	0.041564389
-0.277318984	0.04112102
-0.23688154	0.040437444
-0.197338949	0.039542591
-0.158870901	0.038468048
-0.121624238	0.037246663
-0.085712997	0.03591124
-0.051219561	0.034493436
-0.018196669	0.033022892
0.013329948	0.031526616
0.043358563	0.030028615
0.071908298	0.028549735
0.099015979	0.027107681
0.124733148	0.025717169
0.149123316	0.024390168
0.172259514	0.023136198
0.194222174	0.02196266
0.215097338	0.020875164
0.234975191	0.019877853
0.253948895	0.018973704
0.272113692	0.018164798
0.28956626	0.017452568
0.306404277	0.016838016
0.322726178	0.016321901
0.338631076	0.015904898
0.354218822	0.015587746
0.369590185	0.015371363
0.384847142	0.015256957
0.400093255	0.015246112
0.415434125	0.01534087
0.430977922	0.015543797
0.446835966	0.015858045
0.463123365	0.016287399
0.479959683	0.016836318
0.497469642	0.017509959
-0.584383842	0
-0.582930476	0.001453366
-0.580034469	0.002896007
-0.575717213	0.004317256
-0.57001066	0.005706553
-0.562957141	0.007053519
-0.55460912	0.008348021
-0.545028857	0.009580263
-0.534287978	0.010740878
-0.522466945	0.011821034
-0.5096544	0.012812545
-0.495946407	0.013707993
-0.48144557	0.014500838
-0.466260039	0.015185531
-0.450502431	0.015757608
-0.434288663	0.016213768
-0.417736735	0.016551928
-0.400965493	0.016771242
-0.384093393	0.016872101
-0.367237305	0.016856088
-0.350511392	0.016725913
-0.334026078	0.016485314
-0.318887144	0.015138933
-0.306188841	0.012698304
-0.296007937	0.010180904
-0.288404399	0.007603538
-0.283422056	0.004982343
-0.28108917	0.002332885
-0.28141885	-3.30E-04
-0.284409248	-0.002990398
-0.290043533	-0.005634285
-0.298289635	-0.008246102
-0.30909979	-0.010810154
-0.322409936	-0.013310146
-0.338139038	-0.015729102
-0.356188428	-0.01804939
-0.376441273	-0.020252845
-0.398762297	-0.022321024
-0.42299786	-0.024235564
-0.448976529	-0.025978668
-0.476510201	-0.027533672
-0.505395864	-0.028885663
-0.535417982	-0.030022117
-0.566351473	-0.030933492
-0.597965198	-0.031613725
-0.63002579	-0.032060592
-0.662301672	-0.032275882
-0.694567043	-0.032265371
-0.726605639	-0.032038595
-0.758214073	-0.031608434
-0.789204621	-0.030990548
-0.819407332	-0.03020271
-0.84867142	-0.029264088
-0.876865948	-0.028194528
-0.903879829	-0.027013882
-0.929621248	-0.025741418
-0.954016583	-0.024395335
-0.977008963	-0.022992381
-0.998556562	-0.021547599
-1.01863073	-0.020074168
-1.037214074	-0.018583343
-1.054298538	-0.017084465
-1.06988357	-0.015585032
-1.08397439	-0.014090819
-1.09658041	-0.01260602
-1.105713815	-0.009133405
-1.112385642	-0.006671828
-1.115605125	-0.003219482
-1.115377068	2.28E-04
-1.111701125	0.003675944
-1.104571843	0.007129282
-1.093979503	0.01059234
-1.079911744	0.014067759
-1.062356015	0.017555729
-1.04130287	0.021053144
-1.016750117	0.024552753
-0.988707785	0.028042331
-0.957203842	0.031503943
-0.922290459	0.034913383
-0.884050552	0.038239907
-0.842604155	0.041446397
-0.798114066	0.044490088
-0.750790077	0.047323989
-0.700891048	0.049899029
-0.648724139	0.052166909
-0.594640675	0.054083465
-0.53902842	0.055612255
-0.482300484	0.056727936
-0.424881494	0.05741899
-0.367192108	0.057689386
-0.309633199	0.057558909
-0.252571079	0.05706212
-0.196324983	0.056246096
-0.141157664	0.05516732
-0.087269512	0.053888151
-0.03479617	0.052473343
0.016190782	0.050986952
0.065680682	0.0494899
0.113718957	0.048038275
0.160401312	0.046682355
0.205867571	0.045466259
0.250295657	0.044428086
0.293896034	0.043600376
0.336906787	0.043010753
0.379589414	0.042682627
0.422225258	0.042635844
0.465112466	0.042887208
-0.48483198	0
-0.484122076	7.10E-04
-0.482707556	0.00141452
-0.480598951	0.002108605
-0.477811951	0.002787
-0.474367273	0.003444678
-0.470290491	0.004076782
-0.465611819	0.004678672
-0.460365859	0.00524596
-0.454591306	0.005774553
-0.44833062	0.006260686
-0.441629661	0.006700959
-0.434537293	0.007092368
-0.427104967	0.007432326
-0.419386279	0.007718688
-0.411436514	0.007949765
-0.405312182	0.006124332
-0.401056497	0.004255685
-0.398699317	0.00235718
-0.398257116	4.42E-04
-0.39973298	-0.001475864
-0.403116605	-0.003383625
-0.4083843	-0.005267694
-0.415498999	-0.0071147
-0.42441031	-0.008911311
-0.435054605	-0.010644295
-0.4473552	-0.012300594
-0.461222647	-0.013867448
-0.476555191	-0.015332543
-0.493239391	-0.0166842
-0.511150972	-0.017911581
-0.530155889	-0.019004918
-0.550111632	-0.019955742
-0.570868737	-0.020757106
-0.592272505	-0.021403768
-0.614164856	-0.021892351
-0.636386287	-0.022221431
-0.658777861	-0.022391574
-0.681183154	-0.022405293
-0.703450099	-0.022266945
-0.725432661	-0.021982561
-0.746992286	-0.021559625
-0.767999092	-0.021006806
-0.788332769	-0.020333678
-0.807883186	-0.019550416
-0.826550701	-0.018667515
-0.844246213	-0.017695513
-0.860890966	-0.016644753
-0.876416148	-0.015525182
-0.890762335	-0.014346187
-0.903878816	-0.013116481
-0.915722837	-0.011844021
-0.926258814	-0.010535976
-0.935457537	-0.009198723
-0.943295416	-0.007837879
-0.949753765	-0.00645835
-0.952818178	-0.003064413
-0.952482132	3.36E-04
-0.948746333	0.003735799
-0.941618786	0.007127547
-0.931115596	0.01050319
-0.917262475	0.013853122
-0.900096895	0.017165579
-0.879670825	0.02042607
-0.856053898	0.023616927
-0.82933686	0.026717038
-0.799635045	0.029701815
-0.767091595	0.03254345
-0.73188008	0.035211515
-0.694206138	0.037673942
-0.65430778	0.039898358
-0.612454035	0.041853745
-0.568941739	0.043512296
-0.524090419	0.04485132
-0.478235412	0.045855007
-0.43171958	0.046515831
-0.38488415	0.04683543
-0.338059311	0.046824839
-0.291555268	0.046504044
-0.245654357	0.04590091
-0.200604729	0.045049628
-0.156615876	0.043988853
-0.113856116	0.04275976
-0.072451932	0.041404184
-0.032488925	0.039963006
0.005985946	0.038474872
0.042961221	0.036975275
0.078457231	0.03549601
0.112522171	0.03406494
0.145228203	0.032706032
0.176667781	0.031439579
0.206950347	0.030282565
0.236199452	0.029249106
0.264550371	0.028350919
0.292148173	0.027597801
0.319146255	0.026998083
0.345705298	0.026559042
0.371992576	0.026287279
0.398181606	0.02618903
0.424452044	0.026270438
0.450989798	0.026537754
0.477987281	0.026997483
-0.505161214	0
-0.504299425	8.62E-04
-0.5025823	0.001717125
-0.500022695	0.002559605
-0.496639763	0.003382932
-0.492458803	0.00418096
-0.487511053	0.00494775
-0.481833433	0.00567762
-0.475468234	0.006365199
-0.468462761	0.007005473
-0.460868925	0.007593836
-0.452742791	0.008126134
-0.444144084	0.008598707
-0.435135659	0.009008424
-0.425782948	0.009352712
-0.416153371	0.009629576
-0.406315753	0.009837618
-0.39633972	0.009976033
-0.388295113	0.008044607
-0.382237646	0.006057467
-0.378208893	0.004028753
-0.376236316	0.001972576
-0.376333308	-9.70E-05
-0.378499209	-0.002165902
-0.382719314	-0.004220105
-0.388964839	-0.006245525
-0.397192887	-0.008228048
-0.407346419	-0.010153532
-0.419354276	-0.012007857
-0.433131286	-0.013777009
-0.448578502	-0.015447216
-0.465583632	-0.01700513
-0.484021683	-0.018438051
-0.503755865	-0.019734182
-0.52463878	-0.020882916
-0.546513896	-0.021875116
-0.569217284	-0.022703388
-0.5925796	-0.023362316
-0.616428244	-0.023848644
-0.640589632	-0.024161388
-0.664891492	-0.02430186
-0.689165105	-0.024273614
-0.713247404	-0.024082299
-0.736982842	-0.023735438
-0.760224986	-0.023242144
-0.782837775	-0.02261279
-0.804696429	-0.021858653
-0.82568799	-0.020991561
-0.845711532	-0.020023542
-0.864678048	-0.018966516
-0.882510069	-0.017832021
-0.899141056	-0.016630987
-0.914514623	-0.015373567
-0.928583643	-0.01406902
-0.941309279	-0.012725636
-0.952659996	-0.011350717
-0.962610586	-0.00995059
-0.971141238	-0.008530652
-0.976236685	-0.005095447
-0.977888567	-0.001651882
-0.976094297	0.00179427
-0.970856687	0.005237609
-0.962184356	0.008672331
-0.950092892	0.012091465
-0.934606759	0.015486133
-0.915761888	0.018844871
-0.89360886	0.022153028
-0.868216551	0.025392309
-0.839676051	0.0285405
-0.808104587	0.031571464
-0.77364913	0.034455457
-0.7364893	0.03715983
-0.696839146	0.039650154
-0.654947397	0.041891749
-0.61109583	0.043851567
-0.565595545	0.045500285
-0.518781116	0.046814428
-0.471002819	0.047778297
-0.422617357	0.048385462
-0.373977723	0.048639633
-0.325422944	0.048554779
-0.277268459	0.048154486
-0.229797829	0.04747063
-0.183256279	0.04654155
-0.137846343	0.045409937
-0.093725667	0.044120676
-0.051006815	0.042718852
-0.009758751	0.041248064
0.029990384	0.039749135
0.06824963	0.038259247
0.105061097	0.036811467
0.140495715	0.035434618
0.174649128	0.034153414
0.207637915	0.032988786
0.239596246	0.031958331
0.270673067	0.031076821
0.301029802	0.030356735
0.33083857	0.029808768
0.360280875	0.029442305
0.389546718	0.029265843
0.418834052	0.029287334
0.448348523	0.029514471
0.478303399	0.029954876
-0.410797386	0
-0.412627342	-0.001829955
-0.416274294	-0.003646952
-0.421712344	-0.00543805
-0.4289027	-0.007190355
-0.437793761	-0.008891061
-0.448321276	-0.010527515
-0.460408585	-0.01208731
-0.473966988	-0.013558403
-0.488896255	-0.014929267
-0.505085321	-0.016189066
-0.522413167	-0.017327846
-0.540749904	-0.018336738
-0.559958065	-0.019208161
-0.579894072	-0.019936007
-0.600409868	-0.020515796
-0.621354666	-0.020944798
-0.642576759	-0.021222093
-0.663925344	-0.021348585
-0.685252292	-0.021326948
-0.706413807	-0.021161515
-0.727271919	-0.020858112
-0.747695774	-0.020423855
-0.767562679	-0.019866905
-0.786758889	-0.01919621
-0.805180131	-0.018421241
-0.822731869	-0.017551738
-0.839329338	-0.016597469
-0.85489736	-0.015568022
-0.86936999	-0.014472629
-0.882690016	-0.013320026
-0.894808368	-0.012118352
-0.905683455	-0.010875086
-0.915280473	-0.009597018
-0.923570723	-0.00829025
-0.930530951	-0.006960229
-0.936142748	-0.005611797
-0.940392014	-0.004249266
-0.941268519	-8.77E-04
-0.938770201	0.002498318
-0.932902982	0.005867219
-0.92368129	0.009221692
-0.911129276	0.012552014
-0.895282675	0.015846601
-0.87619124	0.019091435
-0.853921638	0.022269602
-0.828560644	0.025360994
-0.800218418	0.028342227
-0.769031601	0.031186817
-0.735165909	0.033865691
-0.698817875	0.036348034
-0.660215386	0.038602488
-0.619616719	0.040598667
-0.577307835	0.042308884
-0.533597873	0.043709962
-0.48881293	0.044784944
-0.443288407	0.045524523
-0.397360401	0.045928006
-0.351356713	0.046003688
-0.305588115	0.045768597
-0.260340496	0.045247619
-0.215868364	0.044472132
-0.172390059	0.043478305
-0.130084809	0.04230525
-0.089091589	0.04099322
-0.049509605	0.039581984
-0.011400095	0.03810951
0.025210876	0.036610971
0.060328995	0.035118118
0.093987947	0.033658952
0.126245622	0.032257675
0.157180466	0.030934844
0.186888137	0.029707671
0.215478553	0.028590416
0.243073379	0.027594826
0.26980397	0.026730591
0.295809751	0.02600578
0.321237012	0.025427261
0.346238083	0.025001071
0.370970833	0.02473275
0.395598455	0.024627622
0.420289495	0.02469104
0.445218059	0.024928565
0.470564171	0.025346112
0.496514199	0.025950028
-0.589591997	0
-0.588100275	0.001491722
-0.585127805	0.00297247
-0.580696483	0.004431322
-0.57483902	0.005857463
-0.567598766	0.007240254
-0.55902947	0.008569296
-0.549194944	0.009834526
-0.538168635	0.011026309
-0.526033088	0.012135548
-0.512879282	0.013153805
-0.49880586	0.014073423
-0.483918212	0.014887647
-0.468327467	0.015590745
-0.452149359	0.016178108
-0.435503028	0.016646331
-0.418509751	0.016993278
-0.401291649	0.017218102
-0.383970406	0.017321243
-0.366666018	0.017304388
-0.349495626	0.017170393
-0.33457244	0.014923185
-0.321992181	0.012580259
-0.311833457	0.010158724
-0.304158272	0.007675185
-0.299012562	0.00514571
-0.296426671	0.002585891
-0.296415708	1.10E-05
-0.298979738	-0.00256403
-0.304103779	-0.005124041
-0.311757619	-0.00765384
-0.321895456	-0.010137837
-0.334455424	-0.012559968
-0.349359059	-0.014903635
-0.366510788	-0.01715173
-0.38579755	-0.019286762
-0.407088633	-0.021291083
-0.430235858	-0.023147225
-0.455074186	-0.024838327
-0.481422835	-0.02634865
-0.509086961	-0.027664126
-0.537859891	-0.02877293
-0.567525895	-0.029666004
-0.597863399	-0.030337504
-0.628648514	-0.030785115
-0.659658734	-0.031010219
-0.690676605	-0.031017871
-0.721493206	-0.030816602
-0.751911264	-0.030418057
-0.78174776	-0.029836496
-0.810835953	-0.029088194
-0.839026752	-0.028190798
-0.866189429	-0.027162678
-0.892211732	-0.026022303
-0.916999433	-0.024787701
-0.940475427	-0.023475994
-0.962578464	-0.022103036
-0.983261623	-0.020683159
-1.002490629	-0.019229006
-1.020242087	-0.017751458
-1.036501714	-0.016259628
-1.051262629	-0.014760915
-1.064523729	-0.0132611
-1.076288206	-0.011764477
-1.086562198	-0.010273991
-1.093353601	-0.006791404
-1.096668934	-0.003315332
-1.096511749	1.57E-04
-1.092881873	0.003629876
-1.08577544	0.007106433
-1.075185731	0.010589709
-1.061104829	0.014080902
-1.043526103	0.017578726
-1.022447529	0.021078574
-0.997875843	0.024571686
-0.969831474	0.028044369
-0.93835414	0.031477334
-0.903508903	0.034845236
-0.865392365	0.038116538
-0.824138547	0.041253818
-0.779923898	0.044214649
-0.732970751	0.046953147
-0.68354855	0.049422201
-0.631972236	0.051576314
-0.578597364	0.053374872
-0.523811872	0.054785492
-0.468024782	0.05578709
-0.411652568	0.056372213
-0.355104258	0.056548311
-0.298766523	0.056337734
-0.24299005	0.055776474
-0.188078228	0.054911822
-0.134278902	0.053799326
-0.081779457	0.052499445
-0.030705151	0.051074307
0.018879755	0.049584906
0.06696867	0.048088915
0.113607869	0.046639199
0.158890869	0.045283
0.202952553	0.044061684
0.245963482	0.043010929
0.288124688	0.042161206
0.329663102	0.041538415
0.370827681	0.041164578
0.411886169	0.041058488
0.453122408	0.04123624
0.494834005	0.041711596
-0.48180079	0
-0.481113454	6.87E-04
-0.479743896	0.001369558
-0.477702302	0.002041595
-0.475003844	0.002698458
-0.471668559	0.003335285
-0.467721177	0.003947382
-0.463190916	0.00453026
-0.458111239	0.005079677
-0.452519565	0.005591674
-0.446456954	0.006062611
-0.439967757	0.006489198
-0.433099232	0.006868525
-0.425901146	0.007198086
-0.418425346	0.0074758
-0.410725324	0.007700022
-0.404855768	0.005869557
-0.400858067	0.0039977
-0.39876026	0.002097807
-0.398577007	1.83E-04
-0.400309588	-0.00173258
-0.403945898	-0.00363631
-0.409460457	-0.005514559
-0.416814422	-0.007353966
-0.425955643	-0.00914122
-0.436818758	-0.010863115
-0.449325396	-0.012506638
-0.463384486	-0.01405909
-0.478892732	-0.015508246
-0.495735268	-0.016842537
-0.513786538	-0.01805127
-0.532911389	-0.019124851
-0.552966404	-0.020055015
-0.573801447	-0.020835043
-0.595261391	-0.021459945
-0.617187997	-0.021926606
-0.639421869	-0.022233872
-0.661804443	-0.022382574
-0.684179919	-0.022375475
-0.706397082	-0.022217163
-0.728310949	-0.021913868
-0.749784184	-0.021473235
-0.770688245	-0.020904061
-0.790904245	-0.020216001
-0.810323521	-0.019419276
-0.828847906	-0.018524385
-0.846389746	-0.01754184
-0.862871674	-0.016481928
-0.878226191	-0.015354517
-0.89239509	-0.0141689
-0.905328772	-0.012933682
-0.916985483	-0.01165671
-0.927330526	-0.010345043
-0.936335475	-0.00900495
-0.943977422	-0.007641947
-0.948238277	-0.004260854
-0.949108494	-8.70E-04
-0.946586175	0.002522319
-0.940676873	0.005909302
-0.931394139	0.009282734
-0.918760761	0.012633378
-0.902810678	0.015950083
-0.883591486	0.019219192
-0.861167425	0.022424061
-0.835622695	0.025544731
-0.807064876	0.028557818
-0.7756282	0.031436676
-0.741476322	0.034151878
-0.704804258	0.036672064
-0.665839108	0.03896515
-0.624839237	0.04099987
-0.582091684	0.042747554
-0.537907681	0.044184003
-0.492616395	0.045291286
-0.446557142	0.046059253
-0.400070571	0.046486571
-0.3534894	0.04658117
-0.307129389	0.046360011
-0.261281166	0.045848223
-0.216203456	0.04507771
-0.172118055	0.0440854
-0.129206717	0.042911338
-0.087609908	0.04159681
-0.047427244	0.040182663
-0.008719319	0.038707926
0.028489462	0.037208781
0.064207368	0.035717906
0.098471511	0.034264142
0.131343949	0.032872438
0.162907966	0.031564017
0.193264651	0.030356685
0.222529897	0.029265246
0.250831852	0.028301956
0.278308844	0.027476992
0.305107756	0.026798911
0.331382831	0.026275076
0.357294865	0.025912033
0.383010723	0.025715858
0.408703154	0.025692431
0.43455083	0.025847676
0.460738562	0.026187732
0.487457632	0.02671907
-0.593172724	0
-0.5916547	0.001518024
-0.588629795	0.003024905
-0.584120246	0.004509549
-0.578159275	0.005960971
-0.570790926	0.00736835
-0.562069816	0.00872111
-0.552060814	0.010009002
-0.540838606	0.011222208
-0.528487156	0.012351449
-0.515099045	0.013388111
-0.500774676	0.01432437
-0.485621353	0.015153323
-0.469752245	0.015869108
-0.453285232	0.016467013
-0.436341668	0.016943564
-0.419045084	0.017296584
-0.401519859	0.017525226
-0.383889893	0.017629965
-0.366277335	0.017612558
-0.350801369	0.015475966
-0.337564113	0.013237256
-0.326650805	0.010913309
-0.318130152	0.008520653
-0.312054764	0.006075388
-0.308461579	0.003593185
-0.307372213	0.001089366
-0.308793183	-0.001420971
-0.312715984	-0.003922801
-0.319116992	-0.006401008
-0.32795722	-0.008840228
-0.339181956	-0.011224735
-0.35272033	-0.013538374
-0.368484893	-0.015764563
-0.386371276	-0.017886383
-0.406258039	-0.019886763
-0.428006794	-0.021748755
-0.451462702	-0.023455908
-0.476455418	-0.024992716
-0.502800531	-0.026345113
-0.53030153	-0.027500999
-0.558752261	-0.028450732
-0.58793983	-0.029187569
-0.617647832	-0.029708002
-0.647659788	-0.030011956
-0.677762619	-0.030102831
-0.707750001	-0.029987383
-0.73742544	-0.029675439
-0.766604925	-0.029179484
-0.795119064	-0.02851414
-0.822814643	-0.027695579
-0.849555565	-0.026740923
-0.875223215	-0.025667649
-0.89971627	-0.024493055
-0.922950055	-0.023233785
-0.94485551	-0.021905455
-0.965377873	-0.020522363
-0.984475172	-0.019097299
-1.002116599	-0.017641427
-1.018280854	-0.016164255
-1.03295451	-0.014673656
-1.044130448	-0.011175938
-1.051806492	-0.007676044
-1.055982775	-0.004176283
-1.056659927	-6.77E-04
-1.053838085	0.002821842
-1.04751674	0.006321345
-1.037695395	0.009821344
-1.024375067	0.013320329
-1.007560595	0.016814471
-0.987263778	0.020296817
-0.963507263	0.023756515
-0.93632913	0.027178133
-0.90578801	0.03054112
-0.871968499	0.033819511
-0.834986539	0.03698196
-0.794994325	0.039992214
-0.752184192	0.042810133
-0.706790912	0.045393279
-0.659091818	0.047699095
-0.609404279	0.049687539
-0.558080282	0.051323997
-0.505498135	0.052582147
-0.452051676	0.053446459
-0.39813771	0.053913966
-0.344142641	0.053995068
-0.290429413	0.053713229
-0.237325787	0.053103625
-0.185114841	0.052210946
-0.134028192	0.051086649
-0.08424216	0.049786031
-0.035876715	0.048365446
0.011003197	0.046879912
0.056384471	0.045381274
0.100301426	0.043916955
0.142830708	0.042529283
0.184086008	0.041255299
0.224212952	0.040126944
0.263384445	0.039171493
0.301796598	0.038412152
0.339665303	0.037868705
0.377223455	0.037558152
0.414718735	0.037495281
0.452411859	0.037693124
0.49057513	0.038163271
